<?xml version="1.0" encoding="UTF-8"?>
<root>
  <item name="androidx.camera.core.internal.ViewPorts android.graphics.RectF correctStartOrEnd(int, int, android.graphics.RectF, android.graphics.RectF) 0">
    <annotation name="androidx.annotation.IntDef">
      <val name="value" val="{android.util.LayoutDirection.LTR, android.util.LayoutDirection.RTL}" />
    </annotation>
  </item>
  <item name="androidx.camera.core.internal.ViewPorts android.graphics.RectF getScaledRect(android.graphics.RectF, android.util.Rational, int, int, int) 2">
    <annotation name="androidx.annotation.IntDef">
      <val name="value" val="{androidx.camera.core.ViewPort.FILL_START, androidx.camera.core.ViewPort.FILL_CENTER, androidx.camera.core.ViewPort.FILL_END, androidx.camera.core.ViewPort.FIT}" />
    </annotation>
  </item>
  <item name="androidx.camera.core.internal.ViewPorts android.graphics.RectF getScaledRect(android.graphics.RectF, android.util.Rational, int, int, int) 3">
    <annotation name="androidx.annotation.IntDef">
      <val name="value" val="{android.util.LayoutDirection.LTR, android.util.LayoutDirection.RTL}" />
    </annotation>
  </item>
  <item name="androidx.camera.core.internal.ViewPorts java.util.Map&lt;androidx.camera.core.UseCase,android.graphics.Rect&gt; calculateViewPortRects(android.graphics.Rect, android.util.Rational, int, int, int, java.util.Map&lt;androidx.camera.core.UseCase,android.util.Size&gt;) 3">
    <annotation name="androidx.annotation.IntDef">
      <val name="value" val="{androidx.camera.core.ViewPort.FILL_START, androidx.camera.core.ViewPort.FILL_CENTER, androidx.camera.core.ViewPort.FILL_END, androidx.camera.core.ViewPort.FIT}" />
    </annotation>
  </item>
  <item name="androidx.camera.core.internal.ViewPorts java.util.Map&lt;androidx.camera.core.UseCase,android.graphics.Rect&gt; calculateViewPortRects(android.graphics.Rect, android.util.Rational, int, int, int, java.util.Map&lt;androidx.camera.core.UseCase,android.util.Size&gt;) 4">
    <annotation name="androidx.annotation.IntDef">
      <val name="value" val="{android.util.LayoutDirection.LTR, android.util.LayoutDirection.RTL}" />
    </annotation>
  </item>
</root>

